CHROM:POS	REF	ALT	ANN[0].GENE	ANN[0].EFFECT	ANN[0].IMPACT	ANN[0].HGVS_C	ANN[0].HGVS_P	GEN[*].GT
PEKT02000007:338419	A	C	B9J08_002738	upstream_gene_variant	MODIFIER	c.-628A>C	.	.,.,0,0,.,1,0,1,0,0
PEKT02000007:632626	G	A	B9J08_002877	upstream_gene_variant	MODIFIER	c.-608C>T	.	0,1,0,0,1,1,0,0,0,0
PEKT02000007:1291507	A	T	B9J08_003230	missense_variant	MODERATE	c.523A>T	p.Ile175Phe	0,0,0,0,0,0,0,1,0,0
PEKT02000007:1775373	A	G	B9J08_003454	upstream_gene_variant	MODIFIER	c.-4317T>C	.	.,.,.,1,.,.,0,.,0,0
PEKT02000007:2151440	T	C	B9J08_003628	upstream_gene_variant	MODIFIER	c.-987T>C	.	0,1,0,0,0,0,0,0,0,0
PEKT02000007:2183023	G	A	B9J08_003643	missense_variant	MODERATE	c.610C>T	p.His204Tyr	0,0,0,0,0,0,0,1,0,0
PEKT02000007:2798953	A	T	B9J08_003924	stop_gained	HIGH	c.489T>A	p.Cys163*	0,0,0,0,0,0,0,1,0,0
PEKT02000007:3118177	C	G	B9J08_004076	missense_variant	MODERATE	c.641G>C	p.Arg214Thr	1,0,0,0,0,0,0,0,0,0
PEKT02000007:3118730	G	A	B9J08_004076	stop_gained	HIGH	c.88C>T	p.Gln30*	0,1,0,0,1,1,0,0,0,0
PEKT02000010:216017	T	A	B9J08_004988	upstream_gene_variant	MODIFIER	c.-2818A>T	.	0,0,0,0,0,0,0,1,0,0
PEKT02000010:399945	C	G	B9J08_005077	synonymous_variant	LOW	c.66G>C	p.Thr22Thr	0,0,0,0,0,0,0,1,0,0
PEKT02000010:444677	G	T	B9J08_005099	upstream_gene_variant	MODIFIER	c.-4533C>A	.	0,0,0,0,0,0,0,1,0,0
PEKT02000010:474986	A	T	B9J08_005113	upstream_gene_variant	MODIFIER	c.-382T>A	.	0,0,0,0,0,0,0,1,0,0
PEKT02000002:226714	A	T	B9J08_000610	upstream_gene_variant	MODIFIER	c.-620T>A	.	0,0,0,0,0,0,0,1,0,0
PEKT02000002:384284	C	T	B9J08_000687	missense_variant	MODERATE	c.2518G>A	p.Glu840Lys	0,0,0,0,0,0,0,0,1,0
PEKT02000001:735362	C	T	B9J08_000363	upstream_gene_variant	MODIFIER	c.-1759G>A	.	1,0,0,0,0,0,0,0,0,0
PEKT02000001:743893	G	A	B9J08_000367	upstream_gene_variant	MODIFIER	c.-483C>T	.	0,1,0,0,1,1,0,0,0,0
PEKT02000003:111036	C	A	B9J08_001118	missense_variant	MODERATE	c.544C>A	p.Pro182Thr	0,0,0,0,0,0,0,1,0,0
PEKT02000003:244496	G	A	B9J08_001178	upstream_gene_variant	MODIFIER	c.-28C>T	.	1,0,0,0,0,0,0,0,0,0
PEKT02000003:320071	T	A	B9J08_001215	missense_variant	MODERATE	c.2514T>A	p.Asp838Glu	0,0,0,0,0,0,0,1,0,0
PEKT02000003:320072	C	G	B9J08_001215	missense_variant	MODERATE	c.2515C>G	p.Leu839Val	0,0,0,0,0,0,0,1,0,0
PEKT02000003:320077	C	G	B9J08_001215	synonymous_variant	LOW	c.2520C>G	p.Thr840Thr	0,0,0,0,0,0,0,1,0,0
PEKT02000003:608869	C	T	B9J08_001347	synonymous_variant	LOW	c.1587G>A	p.Ser529Ser	0,0,0,0,0,0,0,1,0,0
PEKT02000003:756918	T	A	B9J08_001413	upstream_gene_variant	MODIFIER	c.-79A>T	.	0,0,0,0,0,0,0,1,0,0
PEKT02000009:174787	C	A	B9J08_004540	missense_variant	MODERATE	c.5233C>A	p.Gln1745Lys	0,0,0,0,0,0,0,1,0,0
PEKT02000008:8507	G	A	B9J08_004105	synonymous_variant	LOW	c.471G>A	p.Lys157Lys	0,0,1,0,0,0,0,0,0,0
PEKT02000008:8518	A	T	B9J08_004105	missense_variant	MODERATE	c.482A>T	p.Asp161Val	0,0,1,0,0,0,0,0,0,0
PEKT02000008:8522	C	T	B9J08_004105	synonymous_variant	LOW	c.486C>T	p.Phe162Phe	0,0,1,0,1,0,0,0,0,0
PEKT02000008:8523	A	G	B9J08_004105	missense_variant	MODERATE	c.487A>G	p.Asn163Asp	0,0,1,0,1,0,0,0,0,0
PEKT02000008:8641	G	C	B9J08_004105	missense_variant	MODERATE	c.605G>C	p.Arg202Pro	0,0,0,0,0,0,0,0,1,1
PEKT02000008:8654	T	A	B9J08_004104	upstream_gene_variant	MODIFIER	c.-2887A>T	.	0,0,0,0,0,0,1,0,0,1
PEKT02000008:8662	A	G	B9J08_004104	upstream_gene_variant	MODIFIER	c.-2895T>C	.	0,0,0,0,0,0,1,0,0,1
PEKT02000008:181956	A	T	B9J08_004157	upstream_gene_variant	MODIFIER	c.-2863T>A	.	0,1,0,0,0,0,0,0,0,0
PEKT02000008:214755	T	C	B9J08_004172	synonymous_variant	LOW	c.1299T>C	p.Phe433Phe	0,0,0,0,.,0,.,0,1,0
PEKT02000008:214785	C	T	B9J08_004172	synonymous_variant	LOW	c.1329C>T	p.Gly443Gly	.,.,.,0,1,0,1,.,1,.
PEKT02000008:214800	C	T	B9J08_004172	synonymous_variant	LOW	c.1344C>T	p.Asn448Asn	1,1,1,0,1,0,1,.,1,.
PEKT02000008:214806	T	A	B9J08_004172	synonymous_variant	LOW	c.1350T>A	p.Thr450Thr	1,1,1,0,1,.,1,0,1,.
PEKT02000008:214812	T	C	B9J08_004172	synonymous_variant	LOW	c.1356T>C	p.Ser452Ser	1,1,1,0,1,.,0,.,1,.
PEKT02000008:214816	A	T	B9J08_004172	missense_variant	MODERATE	c.1360A>T	p.Met454Leu	1,1,1,0,1,.,0,0,1,.
PEKT02000008:214866	T	C	B9J08_004172	synonymous_variant	LOW	c.1410T>C	p.Ile470Ile	1,1,1,.,0,.,0,1,0,.
PEKT02000008:214905	G	A	B9J08_004172	synonymous_variant	LOW	c.1449G>A	p.Arg483Arg	.,0,1,.,0,.,0,1,0,.
PEKT02000008:214917	A	T	B9J08_004172	synonymous_variant	LOW	c.1461A>T	p.Thr487Thr	0,0,.,.,0,.,0,1,0,.
PEKT02000008:317208	G	A	B9J08_004215	upstream_gene_variant	MODIFIER	c.-4846C>T	.	0,0,0,0,0,0,0,1,0,0
PEKT02000008:352929	A	T	B9J08_004234	downstream_gene_variant	MODIFIER	c.*187A>T	.	.,.,.,.,.,.,.,1,0,0
PEKT02000008:460558	G	C	B9J08_004280	upstream_gene_variant	MODIFIER	c.-1526C>G	.	.,0,0,0,0,0,0,0,1,1
PEKT02000008:460589	C	T	B9J08_004280	upstream_gene_variant	MODIFIER	c.-1557G>A	.	.,0,.,0,1,0,1,1,1,1
PEKT02000008:460590	T	G	B9J08_004280	upstream_gene_variant	MODIFIER	c.-1558A>C	.	.,0,.,0,1,0,1,1,1,1
PEKT02000008:460592	A	G	B9J08_004280	upstream_gene_variant	MODIFIER	c.-1560T>C	.	.,0,.,.,1,0,1,1,1,1
PEKT02000008:460595	G	A	B9J08_004280	upstream_gene_variant	MODIFIER	c.-1563C>T	.	.,0,.,.,1,0,1,.,1,1
PEKT02000008:460604	T	A	B9J08_004280	upstream_gene_variant	MODIFIER	c.-1572A>T	.	.,0,.,0,1,0,1,1,1,1
PEKT02000008:460613	G	A	B9J08_004280	upstream_gene_variant	MODIFIER	c.-1581C>T	.	.,0,.,.,1,0,1,1,1,1
PEKT02000008:460625	A	T	B9J08_004280	upstream_gene_variant	MODIFIER	c.-1593T>A	.	.,0,.,0,1,0,1,1,1,1
PEKT02000008:460631	A	G	B9J08_004280	upstream_gene_variant	MODIFIER	c.-1599T>C	.	.,0,.,0,.,0,1,1,1,1
PEKT02000008:460636	G	A	B9J08_004280	upstream_gene_variant	MODIFIER	c.-1604C>T	.	.,0,.,0,1,0,1,1,1,1
PEKT02000008:460643	A	G	B9J08_004280	upstream_gene_variant	MODIFIER	c.-1611T>C	.	0,0,0,0,0,0,1,1,1,1
PEKT02000008:460644	C	A	B9J08_004280	upstream_gene_variant	MODIFIER	c.-1612G>T	.	0,0,0,0,0,0,1,1,1,1
PEKT02000008:504279	T	C	B9J08_004299	upstream_gene_variant	MODIFIER	c.-4624A>G	.	.,.,.,.,1,1,0,1,1,0
PEKT02000008:627138	T	C	B9J08_004351	upstream_gene_variant	MODIFIER	c.-1858A>G	.	0,0,0,.,0,1,.,0,0,0
PEKT02000004:475640	A	G	B9J08_001748	missense_variant	MODERATE	c.1226A>G	p.Asn409Ser	0,0,0,0,0,0,0,1,0,0
PEKT02000004:643318	G	A	B9J08_001829	upstream_gene_variant	MODIFIER	c.-2466C>T	.	0,1,0,0,1,1,0,0,0,0
PEKT02000004:842355	T	C	B9J08_001924	upstream_gene_variant	MODIFIER	c.-2996A>G	.	.,0,0,0,0,0,1,0,0,0
PEKT02000006:444329	G	T	B9J08_002435	synonymous_variant	LOW	c.663C>A	p.Ala221Ala	0,0,1,0,0,0,0,0,0,0
PEKT02000006:444341	G	T	B9J08_002435	synonymous_variant	LOW	c.651C>A	p.Ile217Ile	0,0,1,0,0,0,0,0,0,0
PEKT02000006:444342	A	C	B9J08_002435	missense_variant	MODERATE	c.650T>G	p.Ile217Ser	0,0,1,0,0,0,0,0,0,0
PEKT02000006:444356	A	C	B9J08_002435	missense_variant	MODERATE	c.636T>G	p.Ile212Met	0,0,1,0,0,0,0,0,0,0
PEKT02000005:229570	A	T	B9J08_002047	upstream_gene_variant	MODIFIER	c.-2912T>A	.	0,0,0,0,0,0,0,1,0,0
