CHROM:POS	REF	ALT	ANN[*].GENE	ANN[*].EFFECT	ANN[*].IMPACT	ANN[*].HGVS_C	ANN[*].HGVS_P	GEN[*].GT
PEKT02000007:338419	A	C	B9J08_002738,B9J08_002739,B9J08_002740,B9J08_002736,B9J08_002737,B9J08_002737-B9J08_002738	upstream_gene_variant,upstream_gene_variant,upstream_gene_variant,downstream_gene_variant,downstream_gene_variant,intergenic_region	MODIFIER,MODIFIER,MODIFIER,MODIFIER,MODIFIER,MODIFIER	c.-628A>C,c.-1964A>C,c.-3839A>C,c.*4749A>C,c.*829A>C,n.338419A>C	.,.,.,.,.,.	.,.,0,0,.,1,0,1,0,0
PEKT02000007:632626	G	A	B9J08_002877,B9J08_002878,B9J08_002879,B9J08_002880,B9J08_002877-B9J08_002878	upstream_gene_variant,upstream_gene_variant,upstream_gene_variant,upstream_gene_variant,intergenic_region	MODIFIER,MODIFIER,MODIFIER,MODIFIER,MODIFIER	c.-608C>T,c.-1412G>A,c.-2445G>A,c.-4924G>A,n.632626G>A	.,.,.,.,.	0,1,0,0,1,1,0,0,0,0
PEKT02000007:1291507	A	T	B9J08_003230,B9J08_003228,B9J08_003229,B9J08_003231	missense_variant,downstream_gene_variant,downstream_gene_variant,downstream_gene_variant	MODERATE,MODIFIER,MODIFIER,MODIFIER	c.523A>T,c.*3451A>T,c.*1106A>T,c.*3359T>A	p.Ile175Phe,.,.,.	0,0,0,0,0,0,0,1,0,0
PEKT02000007:1775373	A	G	B9J08_003454,B9J08_003455,B9J08_003454-B9J08_003455	upstream_gene_variant,upstream_gene_variant,intergenic_region	MODIFIER,MODIFIER,MODIFIER	c.-4317T>C,c.-3809A>G,n.1775373A>G	.,.,.	.,.,.,1,.,.,0,.,0,0
PEKT02000007:2151440	T	C	B9J08_003628,B9J08_003630,B9J08_003624,B9J08_003625,B9J08_003626,B9J08_003627,B9J08_003629,B9J08_003627-B9J08_003628	upstream_gene_variant,upstream_gene_variant,downstream_gene_variant,downstream_gene_variant,downstream_gene_variant,downstream_gene_variant,downstream_gene_variant,intergenic_region	MODIFIER,MODIFIER,MODIFIER,MODIFIER,MODIFIER,MODIFIER,MODIFIER,MODIFIER	c.-987T>C,c.-4611T>C,c.*3765T>C,c.*3203T>C,c.*1481T>C,c.*485T>C,c.*3242A>G,n.2151440T>C	.,.,.,.,.,.,.,.	0,1,0,0,0,0,0,0,0,0
PEKT02000007:2183023	G	A	B9J08_003643,B9J08_003640,B9J08_003642,B9J08_003641,B9J08_003644,B9J08_003645	missense_variant,upstream_gene_variant,upstream_gene_variant,downstream_gene_variant,downstream_gene_variant,downstream_gene_variant	MODERATE,MODIFIER,MODIFIER,MODIFIER,MODIFIER,MODIFIER	c.610C>T,c.-4061C>T,c.-1257C>T,c.*1920G>A,c.*1512C>T,c.*2557C>T	p.His204Tyr,.,.,.,.,.	0,0,0,0,0,0,0,1,0,0
PEKT02000007:2798953	A	T	B9J08_003924,B9J08_003923,B9J08_003925	stop_gained,downstream_gene_variant,downstream_gene_variant	HIGH,MODIFIER,MODIFIER	c.489T>A,c.*4894A>T,c.*619T>A	p.Cys163*,.,.	0,0,0,0,0,0,0,1,0,0
PEKT02000007:3118177	C	G	B9J08_004076,B9J08_004074,B9J08_004078,B9J08_004079,B9J08_004080,B9J08_004071,B9J08_004072,B9J08_004073,B9J08_004075,B9J08_004077	missense_variant,upstream_gene_variant,upstream_gene_variant,upstream_gene_variant,upstream_gene_variant,downstream_gene_variant,downstream_gene_variant,downstream_gene_variant,downstream_gene_variant,downstream_gene_variant	MODERATE,MODIFIER,MODIFIER,MODIFIER,MODIFIER,MODIFIER,MODIFIER,MODIFIER,MODIFIER,MODIFIER	c.641G>C,c.-1468G>C,c.-1975C>G,c.-3267C>G,c.-4480C>G,c.*4829C>G,c.*2944C>G,c.*2238C>G,c.*22C>G,c.*1440G>C	p.Arg214Thr,.,.,.,.,.,.,.,.,.	1,0,0,0,0,0,0,0,0,0
PEKT02000007:3118730	G	A	B9J08_004076,B9J08_004074,B9J08_004078,B9J08_004079,B9J08_004080,B9J08_004072,B9J08_004073,B9J08_004075,B9J08_004077	stop_gained,upstream_gene_variant,upstream_gene_variant,upstream_gene_variant,upstream_gene_variant,downstream_gene_variant,downstream_gene_variant,downstream_gene_variant,downstream_gene_variant	HIGH,MODIFIER,MODIFIER,MODIFIER,MODIFIER,MODIFIER,MODIFIER,MODIFIER,MODIFIER	c.88C>T,c.-2021C>T,c.-1422G>A,c.-2714G>A,c.-3927G>A,c.*3497G>A,c.*2791G>A,c.*575G>A,c.*887C>T	p.Gln30*,.,.,.,.,.,.,.,.	0,1,0,0,1,1,0,0,0,0
PEKT02000010:216017	T	A	B9J08_004988,B9J08_004989,B9J08_004992,B9J08_004990,B9J08_004991,B9J08_004993,B9J08_004990-B9J08_004991	upstream_gene_variant,upstream_gene_variant,upstream_gene_variant,downstream_gene_variant,downstream_gene_variant,downstream_gene_variant,intergenic_region	MODIFIER,MODIFIER,MODIFIER,MODIFIER,MODIFIER,MODIFIER,MODIFIER	c.-2818A>T,c.-1862A>T,c.-2115T>A,c.*321T>A,c.*90A>T,c.*3766A>T,n.216017T>A	.,.,.,.,.,.,.	0,0,0,0,0,0,0,1,0,0
PEKT02000010:399945	C	G	B9J08_005077,B9J08_005078,B9J08_005079,B9J08_005080,B9J08_005076,B9J08_005081	synonymous_variant,upstream_gene_variant,upstream_gene_variant,upstream_gene_variant,downstream_gene_variant,downstream_gene_variant	LOW,MODIFIER,MODIFIER,MODIFIER,MODIFIER,MODIFIER	c.66G>C,c.-846C>G,c.-2904C>G,c.-3414C>G,c.*3707C>G,c.*4088G>C	p.Thr22Thr,.,.,.,.,.	0,0,0,0,0,0,0,1,0,0
PEKT02000010:444677	G	T	B9J08_005099,B9J08_005101,B9J08_005103,B9J08_005100,B9J08_005102,B9J08_005104,B9J08_005102-B9J08_005103	upstream_gene_variant,upstream_gene_variant,upstream_gene_variant,downstream_gene_variant,downstream_gene_variant,downstream_gene_variant,intergenic_region	MODIFIER,MODIFIER,MODIFIER,MODIFIER,MODIFIER,MODIFIER,MODIFIER	c.-4533C>A,c.-2157C>A,c.-1478G>T,c.*2773G>T,c.*252G>T,c.*2435C>A,n.444677G>T	.,.,.,.,.,.,.	0,0,0,0,0,0,0,1,0,0
PEKT02000010:474986	A	T	B9J08_005113,B9J08_005114,B9J08_005112,B9J08_005115,B9J08_005113-B9J08_005114	upstream_gene_variant,upstream_gene_variant,downstream_gene_variant,downstream_gene_variant,intergenic_region	MODIFIER,MODIFIER,MODIFIER,MODIFIER,MODIFIER	c.-382T>A,c.-2404A>T,c.*1951A>T,c.*3738T>A,n.474986A>T	.,.,.,.,.	0,0,0,0,0,0,0,1,0,0
PEKT02000002:226714	A	T	B9J08_000610,B9J08_000611,B9J08_000612,B9J08_000610-B9J08_000611	upstream_gene_variant,upstream_gene_variant,downstream_gene_variant,intergenic_region	MODIFIER,MODIFIER,MODIFIER,MODIFIER	c.-620T>A,c.-971A>T,c.*4762T>A,n.226714A>T	.,.,.,.	0,0,0,0,0,0,0,1,0,0
PEKT02000002:384284	C	T	B9J08_000687,B9J08_000689,B9J08_000685,B9J08_000686,B9J08_000688	missense_variant,upstream_gene_variant,downstream_gene_variant,downstream_gene_variant,downstream_gene_variant	MODERATE,MODIFIER,MODIFIER,MODIFIER,MODIFIER	c.2518G>A,c.-4487C>T,c.*3202C>T,c.*787C>T,c.*2655G>A	p.Glu840Lys,.,.,.,.	0,0,0,0,0,0,0,0,1,0
PEKT02000001:735362	C	T	B9J08_000363,B9J08_000364,B9J08_000365,B9J08_000362,B9J08_000363-B9J08_000364	upstream_gene_variant,upstream_gene_variant,upstream_gene_variant,downstream_gene_variant,intergenic_region	MODIFIER,MODIFIER,MODIFIER,MODIFIER,MODIFIER	c.-1759G>A,c.-1005C>T,c.-4770C>T,c.*2718C>T,n.735362C>T	.,.,.,.,.	1,0,0,0,0,0,0,0,0,0
PEKT02000001:743893	G	A	B9J08_000367,B9J08_000368,B9J08_000364,B9J08_000365,B9J08_000366,B9J08_000367-B9J08_000368	upstream_gene_variant,upstream_gene_variant,downstream_gene_variant,downstream_gene_variant,downstream_gene_variant,intergenic_region	MODIFIER,MODIFIER,MODIFIER,MODIFIER,MODIFIER,MODIFIER	c.-483C>T,c.-3305G>A,c.*4179G>A,c.*2166G>A,c.*1653G>A,n.743893G>A	.,.,.,.,.,.	0,1,0,0,1,1,0,0,0,0
PEKT02000003:111036	C	A	B9J08_001118,B9J08_001114,B9J08_001119,B9J08_001115,B9J08_001116,B9J08_001117,B9J08_001120	missense_variant,upstream_gene_variant,upstream_gene_variant,downstream_gene_variant,downstream_gene_variant,downstream_gene_variant,downstream_gene_variant	MODERATE,MODIFIER,MODIFIER,MODIFIER,MODIFIER,MODIFIER,MODIFIER	c.544C>A,c.-4745G>T,c.-654C>A,c.*2923C>A,c.*1718C>A,c.*742C>A,c.*2769G>T	p.Pro182Thr,.,.,.,.,.,.	0,0,0,0,0,0,0,1,0,0
PEKT02000003:244496	G	A	B9J08_001178,B9J08_001180,B9J08_001181,B9J08_001175,B9J08_001176,B9J08_001177,B9J08_001179,B9J08_001178-B9J08_001179	upstream_gene_variant,upstream_gene_variant,upstream_gene_variant,downstream_gene_variant,downstream_gene_variant,downstream_gene_variant,downstream_gene_variant,intergenic_region	MODIFIER,MODIFIER,MODIFIER,MODIFIER,MODIFIER,MODIFIER,MODIFIER,MODIFIER	c.-28C>T,c.-1577G>A,c.-3797G>A,c.*3699G>A,c.*1761G>A,c.*598G>A,c.*562C>T,n.244496G>A	.,.,.,.,.,.,.,.	1,0,0,0,0,0,0,0,0,0
PEKT02000003:320071	T	A	B9J08_001215,B9J08_001214,B9J08_001216,B9J08_001217,B9J08_001218	missense_variant,upstream_gene_variant,upstream_gene_variant,upstream_gene_variant,downstream_gene_variant	MODERATE,MODIFIER,MODIFIER,MODIFIER,MODIFIER	c.2514T>A,c.-2797A>T,c.-723T>A,c.-3102T>A,c.*4321A>T	p.Asp838Glu,.,.,.,.	0,0,0,0,0,0,0,1,0,0
PEKT02000003:320072	C	G	B9J08_001215,B9J08_001214,B9J08_001216,B9J08_001217,B9J08_001218	missense_variant,upstream_gene_variant,upstream_gene_variant,upstream_gene_variant,downstream_gene_variant	MODERATE,MODIFIER,MODIFIER,MODIFIER,MODIFIER	c.2515C>G,c.-2798G>C,c.-722C>G,c.-3101C>G,c.*4320G>C	p.Leu839Val,.,.,.,.	0,0,0,0,0,0,0,1,0,0
PEKT02000003:320077	C	G	B9J08_001215,B9J08_001214,B9J08_001216,B9J08_001217,B9J08_001218	synonymous_variant,upstream_gene_variant,upstream_gene_variant,upstream_gene_variant,downstream_gene_variant	LOW,MODIFIER,MODIFIER,MODIFIER,MODIFIER	c.2520C>G,c.-2803G>C,c.-717C>G,c.-3096C>G,c.*4315G>C	p.Thr840Thr,.,.,.,.	0,0,0,0,0,0,0,1,0,0
PEKT02000003:608869	C	T	B9J08_001347,B9J08_001344,B9J08_001345,B9J08_001346,B9J08_001348	synonymous_variant,upstream_gene_variant,upstream_gene_variant,upstream_gene_variant,upstream_gene_variant	LOW,MODIFIER,MODIFIER,MODIFIER,MODIFIER	c.1587G>A,c.-4106G>A,c.-2387G>A,c.-791G>A,c.-4171C>T	p.Ser529Ser,.,.,.,.	0,0,0,0,0,0,0,1,0,0
PEKT02000003:756918	T	A	B9J08_001413,B9J08_001414,B9J08_001412,B9J08_001413-B9J08_001414	upstream_gene_variant,upstream_gene_variant,downstream_gene_variant,intergenic_region	MODIFIER,MODIFIER,MODIFIER,MODIFIER	c.-79A>T,c.-285T>A,c.*2252T>A,n.756918T>A	.,.,.,.	0,0,0,0,0,0,0,1,0,0
PEKT02000009:174787	C	A	B9J08_004540,B9J08_004541,B9J08_004542,B9J08_004543	missense_variant,upstream_gene_variant,downstream_gene_variant,downstream_gene_variant	MODERATE,MODIFIER,MODIFIER,MODIFIER	c.5233C>A,c.-1177C>A,c.*3748G>T,c.*4579G>T	p.Gln1745Lys,.,.,.	0,0,0,0,0,0,0,1,0,0
PEKT02000008:8507	G	A	B9J08_004105,B9J08_004104	synonymous_variant,upstream_gene_variant	LOW,MODIFIER	c.471G>A,c.-2740C>T	p.Lys157Lys,.	0,0,1,0,0,0,0,0,0,0
PEKT02000008:8518	A	T	B9J08_004105,B9J08_004104	missense_variant,upstream_gene_variant	MODERATE,MODIFIER	c.482A>T,c.-2751T>A	p.Asp161Val,.	0,0,1,0,0,0,0,0,0,0
PEKT02000008:8522	C	T	B9J08_004105,B9J08_004104	synonymous_variant,upstream_gene_variant	LOW,MODIFIER	c.486C>T,c.-2755G>A	p.Phe162Phe,.	0,0,1,0,1,0,0,0,0,0
PEKT02000008:8523	A	G	B9J08_004105,B9J08_004104	missense_variant,upstream_gene_variant	MODERATE,MODIFIER	c.487A>G,c.-2756T>C	p.Asn163Asp,.	0,0,1,0,1,0,0,0,0,0
PEKT02000008:8641	G	C	B9J08_004105,B9J08_004104	missense_variant,upstream_gene_variant	MODERATE,MODIFIER	c.605G>C,c.-2874C>G	p.Arg202Pro,.	0,0,0,0,0,0,0,0,1,1
PEKT02000008:8654	T	A	B9J08_004104,B9J08_004105,B9J08_004105-B9J08_004106	upstream_gene_variant,downstream_gene_variant,intergenic_region	MODIFIER,MODIFIER,MODIFIER	c.-2887A>T,c.*6T>A,n.8654T>A	.,.,.	0,0,0,0,0,0,1,0,0,1
PEKT02000008:8662	A	G	B9J08_004104,B9J08_004105,B9J08_004105-B9J08_004106	upstream_gene_variant,downstream_gene_variant,intergenic_region	MODIFIER,MODIFIER,MODIFIER	c.-2895T>C,c.*14A>G,n.8662A>G	.,.,.	0,0,0,0,0,0,1,0,0,1
PEKT02000008:181956	A	T	B9J08_004157,B9J08_004158,B9J08_004159,B9J08_004161,B9J08_004160,B9J08_004159-B9J08_004160	upstream_gene_variant,upstream_gene_variant,upstream_gene_variant,upstream_gene_variant,downstream_gene_variant,intergenic_region	MODIFIER,MODIFIER,MODIFIER,MODIFIER,MODIFIER,MODIFIER	c.-2863T>A,c.-1104T>A,c.-378T>A,c.-3052A>T,c.*1320T>A,n.181956A>T	.,.,.,.,.,.	0,1,0,0,0,0,0,0,0,0
PEKT02000008:214755	T	C	B9J08_004172,B9J08_004173,B9J08_004174	synonymous_variant,upstream_gene_variant,upstream_gene_variant	LOW,MODIFIER,MODIFIER	c.1299T>C,c.-877T>C,c.-3271T>C	p.Phe433Phe,.,.	0,0,0,0,.,0,.,0,1,0
PEKT02000008:214785	C	T	B9J08_004172,B9J08_004173,B9J08_004174	synonymous_variant,upstream_gene_variant,upstream_gene_variant	LOW,MODIFIER,MODIFIER	c.1329C>T,c.-847C>T,c.-3241C>T	p.Gly443Gly,.,.	.,.,.,0,1,0,1,.,1,.
PEKT02000008:214800	C	T	B9J08_004172,B9J08_004173,B9J08_004174	synonymous_variant,upstream_gene_variant,upstream_gene_variant	LOW,MODIFIER,MODIFIER	c.1344C>T,c.-832C>T,c.-3226C>T	p.Asn448Asn,.,.	1,1,1,0,1,0,1,.,1,.
PEKT02000008:214806	T	A	B9J08_004172,B9J08_004173,B9J08_004174	synonymous_variant,upstream_gene_variant,upstream_gene_variant	LOW,MODIFIER,MODIFIER	c.1350T>A,c.-826T>A,c.-3220T>A	p.Thr450Thr,.,.	1,1,1,0,1,.,1,0,1,.
PEKT02000008:214812	T	C	B9J08_004172,B9J08_004173,B9J08_004174	synonymous_variant,upstream_gene_variant,upstream_gene_variant	LOW,MODIFIER,MODIFIER	c.1356T>C,c.-820T>C,c.-3214T>C	p.Ser452Ser,.,.	1,1,1,0,1,.,0,.,1,.
PEKT02000008:214816	A	T	B9J08_004172,B9J08_004173,B9J08_004174	missense_variant,upstream_gene_variant,upstream_gene_variant	MODERATE,MODIFIER,MODIFIER	c.1360A>T,c.-816A>T,c.-3210A>T	p.Met454Leu,.,.	1,1,1,0,1,.,0,0,1,.
PEKT02000008:214866	T	C	B9J08_004172,B9J08_004173,B9J08_004174	synonymous_variant,upstream_gene_variant,upstream_gene_variant	LOW,MODIFIER,MODIFIER	c.1410T>C,c.-766T>C,c.-3160T>C	p.Ile470Ile,.,.	1,1,1,.,0,.,0,1,0,.
PEKT02000008:214905	G	A	B9J08_004172,B9J08_004173,B9J08_004174	synonymous_variant,upstream_gene_variant,upstream_gene_variant	LOW,MODIFIER,MODIFIER	c.1449G>A,c.-727G>A,c.-3121G>A	p.Arg483Arg,.,.	.,0,1,.,0,.,0,1,0,.
PEKT02000008:214917	A	T	B9J08_004172,B9J08_004173,B9J08_004174	synonymous_variant,upstream_gene_variant,upstream_gene_variant	LOW,MODIFIER,MODIFIER	c.1461A>T,c.-715A>T,c.-3109A>T	p.Thr487Thr,.,.	0,0,.,.,0,.,0,1,0,.
PEKT02000008:317208	G	A	B9J08_004215,B9J08_004216,B9J08_004217,B9J08_004218,B9J08_004219,B9J08_004221,B9J08_004220,B9J08_004218-B9J08_004219	upstream_gene_variant,upstream_gene_variant,upstream_gene_variant,upstream_gene_variant,upstream_gene_variant,upstream_gene_variant,downstream_gene_variant,intergenic_region	MODIFIER,MODIFIER,MODIFIER,MODIFIER,MODIFIER,MODIFIER,MODIFIER,MODIFIER	c.-4846C>T,c.-2805C>T,c.-647C>T,c.-322C>T,c.-230G>A,c.-2770G>A,c.*1519C>T,n.317208G>A	.,.,.,.,.,.,.,.	0,0,0,0,0,0,0,1,0,0
PEKT02000008:352929	A	T	B9J08_004234,B9J08_004235,B9J08_004236,B9J08_004234-B9J08_004235	downstream_gene_variant,downstream_gene_variant,downstream_gene_variant,intergenic_region	MODIFIER,MODIFIER,MODIFIER,MODIFIER	c.*187A>T,c.*2005T>A,c.*4966T>A,n.352929A>T	.,.,.,.	.,.,.,.,.,.,.,1,0,0
PEKT02000008:460558	G	C	B9J08_004280,B9J08_004281,B9J08_004284,B9J08_004285,B9J08_004279,B9J08_004282,B9J08_004283,B9J08_004283-B9J08_004284	upstream_gene_variant,upstream_gene_variant,upstream_gene_variant,upstream_gene_variant,downstream_gene_variant,downstream_gene_variant,downstream_gene_variant,intergenic_region	MODIFIER,MODIFIER,MODIFIER,MODIFIER,MODIFIER,MODIFIER,MODIFIER,MODIFIER	c.-1526C>G,c.-1449C>G,c.-1816G>C,c.-4387G>C,c.*1727G>C,c.*387G>C,c.*33G>C,n.460558G>C	.,.,.,.,.,.,.,.	.,0,0,0,0,0,0,0,1,1
PEKT02000008:460589	C	T	B9J08_004280,B9J08_004281,B9J08_004284,B9J08_004285,B9J08_004279,B9J08_004282,B9J08_004283,B9J08_004283-B9J08_004284	upstream_gene_variant,upstream_gene_variant,upstream_gene_variant,upstream_gene_variant,downstream_gene_variant,downstream_gene_variant,downstream_gene_variant,intergenic_region	MODIFIER,MODIFIER,MODIFIER,MODIFIER,MODIFIER,MODIFIER,MODIFIER,MODIFIER	c.-1557G>A,c.-1480G>A,c.-1785C>T,c.-4356C>T,c.*1758C>T,c.*418C>T,c.*64C>T,n.460589C>T	.,.,.,.,.,.,.,.	.,0,.,0,1,0,1,1,1,1
PEKT02000008:460590	T	G	B9J08_004280,B9J08_004281,B9J08_004284,B9J08_004285,B9J08_004279,B9J08_004282,B9J08_004283,B9J08_004283-B9J08_004284	upstream_gene_variant,upstream_gene_variant,upstream_gene_variant,upstream_gene_variant,downstream_gene_variant,downstream_gene_variant,downstream_gene_variant,intergenic_region	MODIFIER,MODIFIER,MODIFIER,MODIFIER,MODIFIER,MODIFIER,MODIFIER,MODIFIER	c.-1558A>C,c.-1481A>C,c.-1784T>G,c.-4355T>G,c.*1759T>G,c.*419T>G,c.*65T>G,n.460590T>G	.,.,.,.,.,.,.,.	.,0,.,0,1,0,1,1,1,1
PEKT02000008:460592	A	G	B9J08_004280,B9J08_004281,B9J08_004284,B9J08_004285,B9J08_004279,B9J08_004282,B9J08_004283,B9J08_004283-B9J08_004284	upstream_gene_variant,upstream_gene_variant,upstream_gene_variant,upstream_gene_variant,downstream_gene_variant,downstream_gene_variant,downstream_gene_variant,intergenic_region	MODIFIER,MODIFIER,MODIFIER,MODIFIER,MODIFIER,MODIFIER,MODIFIER,MODIFIER	c.-1560T>C,c.-1483T>C,c.-1782A>G,c.-4353A>G,c.*1761A>G,c.*421A>G,c.*67A>G,n.460592A>G	.,.,.,.,.,.,.,.	.,0,.,.,1,0,1,1,1,1
PEKT02000008:460595	G	A	B9J08_004280,B9J08_004281,B9J08_004284,B9J08_004285,B9J08_004279,B9J08_004282,B9J08_004283,B9J08_004283-B9J08_004284	upstream_gene_variant,upstream_gene_variant,upstream_gene_variant,upstream_gene_variant,downstream_gene_variant,downstream_gene_variant,downstream_gene_variant,intergenic_region	MODIFIER,MODIFIER,MODIFIER,MODIFIER,MODIFIER,MODIFIER,MODIFIER,MODIFIER	c.-1563C>T,c.-1486C>T,c.-1779G>A,c.-4350G>A,c.*1764G>A,c.*424G>A,c.*70G>A,n.460595G>A	.,.,.,.,.,.,.,.	.,0,.,.,1,0,1,.,1,1
PEKT02000008:460604	T	A	B9J08_004280,B9J08_004281,B9J08_004284,B9J08_004285,B9J08_004279,B9J08_004282,B9J08_004283,B9J08_004283-B9J08_004284	upstream_gene_variant,upstream_gene_variant,upstream_gene_variant,upstream_gene_variant,downstream_gene_variant,downstream_gene_variant,downstream_gene_variant,intergenic_region	MODIFIER,MODIFIER,MODIFIER,MODIFIER,MODIFIER,MODIFIER,MODIFIER,MODIFIER	c.-1572A>T,c.-1495A>T,c.-1770T>A,c.-4341T>A,c.*1773T>A,c.*433T>A,c.*79T>A,n.460604T>A	.,.,.,.,.,.,.,.	.,0,.,0,1,0,1,1,1,1
PEKT02000008:460613	G	A	B9J08_004280,B9J08_004281,B9J08_004284,B9J08_004285,B9J08_004279,B9J08_004282,B9J08_004283,B9J08_004283-B9J08_004284	upstream_gene_variant,upstream_gene_variant,upstream_gene_variant,upstream_gene_variant,downstream_gene_variant,downstream_gene_variant,downstream_gene_variant,intergenic_region	MODIFIER,MODIFIER,MODIFIER,MODIFIER,MODIFIER,MODIFIER,MODIFIER,MODIFIER	c.-1581C>T,c.-1504C>T,c.-1761G>A,c.-4332G>A,c.*1782G>A,c.*442G>A,c.*88G>A,n.460613G>A	.,.,.,.,.,.,.,.	.,0,.,.,1,0,1,1,1,1
PEKT02000008:460625	A	T	B9J08_004280,B9J08_004281,B9J08_004284,B9J08_004285,B9J08_004279,B9J08_004282,B9J08_004283,B9J08_004283-B9J08_004284	upstream_gene_variant,upstream_gene_variant,upstream_gene_variant,upstream_gene_variant,downstream_gene_variant,downstream_gene_variant,downstream_gene_variant,intergenic_region	MODIFIER,MODIFIER,MODIFIER,MODIFIER,MODIFIER,MODIFIER,MODIFIER,MODIFIER	c.-1593T>A,c.-1516T>A,c.-1749A>T,c.-4320A>T,c.*1794A>T,c.*454A>T,c.*100A>T,n.460625A>T	.,.,.,.,.,.,.,.	.,0,.,0,1,0,1,1,1,1
PEKT02000008:460631	A	G	B9J08_004280,B9J08_004281,B9J08_004284,B9J08_004285,B9J08_004279,B9J08_004282,B9J08_004283,B9J08_004283-B9J08_004284	upstream_gene_variant,upstream_gene_variant,upstream_gene_variant,upstream_gene_variant,downstream_gene_variant,downstream_gene_variant,downstream_gene_variant,intergenic_region	MODIFIER,MODIFIER,MODIFIER,MODIFIER,MODIFIER,MODIFIER,MODIFIER,MODIFIER	c.-1599T>C,c.-1522T>C,c.-1743A>G,c.-4314A>G,c.*1800A>G,c.*460A>G,c.*106A>G,n.460631A>G	.,.,.,.,.,.,.,.	.,0,.,0,.,0,1,1,1,1
PEKT02000008:460636	G	A	B9J08_004280,B9J08_004281,B9J08_004284,B9J08_004285,B9J08_004279,B9J08_004282,B9J08_004283,B9J08_004283-B9J08_004284	upstream_gene_variant,upstream_gene_variant,upstream_gene_variant,upstream_gene_variant,downstream_gene_variant,downstream_gene_variant,downstream_gene_variant,intergenic_region	MODIFIER,MODIFIER,MODIFIER,MODIFIER,MODIFIER,MODIFIER,MODIFIER,MODIFIER	c.-1604C>T,c.-1527C>T,c.-1738G>A,c.-4309G>A,c.*1805G>A,c.*465G>A,c.*111G>A,n.460636G>A	.,.,.,.,.,.,.,.	.,0,.,0,1,0,1,1,1,1
PEKT02000008:460643	A	G	B9J08_004280,B9J08_004281,B9J08_004284,B9J08_004285,B9J08_004279,B9J08_004282,B9J08_004283,B9J08_004283-B9J08_004284	upstream_gene_variant,upstream_gene_variant,upstream_gene_variant,upstream_gene_variant,downstream_gene_variant,downstream_gene_variant,downstream_gene_variant,intergenic_region	MODIFIER,MODIFIER,MODIFIER,MODIFIER,MODIFIER,MODIFIER,MODIFIER,MODIFIER	c.-1611T>C,c.-1534T>C,c.-1731A>G,c.-4302A>G,c.*1812A>G,c.*472A>G,c.*118A>G,n.460643A>G	.,.,.,.,.,.,.,.	0,0,0,0,0,0,1,1,1,1
PEKT02000008:460644	C	A	B9J08_004280,B9J08_004281,B9J08_004284,B9J08_004285,B9J08_004279,B9J08_004282,B9J08_004283,B9J08_004283-B9J08_004284	upstream_gene_variant,upstream_gene_variant,upstream_gene_variant,upstream_gene_variant,downstream_gene_variant,downstream_gene_variant,downstream_gene_variant,intergenic_region	MODIFIER,MODIFIER,MODIFIER,MODIFIER,MODIFIER,MODIFIER,MODIFIER,MODIFIER	c.-1612G>T,c.-1535G>T,c.-1730C>A,c.-4301C>A,c.*1813C>A,c.*473C>A,c.*119C>A,n.460644C>A	.,.,.,.,.,.,.,.	0,0,0,0,0,0,1,1,1,1
PEKT02000008:504279	T	C	B9J08_004299,B9J08_004300,B9J08_004302,B9J08_004301,B9J08_004303,B9J08_004300-B9J08_004301	upstream_gene_variant,upstream_gene_variant,upstream_gene_variant,downstream_gene_variant,downstream_gene_variant,intergenic_region	MODIFIER,MODIFIER,MODIFIER,MODIFIER,MODIFIER,MODIFIER	c.-4624A>G,c.-450A>G,c.-3136T>C,c.*1407A>G,c.*3540A>G,n.504279T>C	.,.,.,.,.,.	.,.,.,.,1,1,0,1,1,0
PEKT02000008:627138	T	C	B9J08_004351,B9J08_004352,B9J08_004349,B9J08_004350,B9J08_004353,B9J08_004354,B9J08_004352-B9J08_004353	upstream_gene_variant,upstream_gene_variant,downstream_gene_variant,downstream_gene_variant,downstream_gene_variant,downstream_gene_variant,intergenic_region	MODIFIER,MODIFIER,MODIFIER,MODIFIER,MODIFIER,MODIFIER,MODIFIER	c.-1858A>G,c.-124A>G,c.*3791T>C,c.*3192T>C,c.*683A>G,c.*4262A>G,n.627138T>C	.,.,.,.,.,.,.	0,0,0,.,0,1,.,0,0,0
PEKT02000004:475640	A	G	B9J08_001748,B9J08_001750,B9J08_001751,B9J08_001752,B9J08_001749	missense_variant,upstream_gene_variant,upstream_gene_variant,upstream_gene_variant,downstream_gene_variant	MODERATE,MODIFIER,MODIFIER,MODIFIER,MODIFIER	c.1226A>G,c.-2236A>G,c.-2819A>G,c.-3407A>G,c.*1053T>C	p.Asn409Ser,.,.,.,.	0,0,0,0,0,0,0,1,0,0
PEKT02000004:643318	G	A	B9J08_001829,B9J08_001830,B9J08_001831,B9J08_001828,B9J08_001832,B9J08_001830-B9J08_001831	upstream_gene_variant,upstream_gene_variant,upstream_gene_variant,downstream_gene_variant,downstream_gene_variant,intergenic_region	MODIFIER,MODIFIER,MODIFIER,MODIFIER,MODIFIER,MODIFIER	c.-2466C>T,c.-455C>T,c.-401G>A,c.*4452G>A,c.*1674C>T,n.643318G>A	.,.,.,.,.,.	0,1,0,0,1,1,0,0,0,0
PEKT02000004:842355	T	C	B9J08_001924,B9J08_001925,B9J08_001926,B9J08_001927,B9J08_001928,B9J08_001925-B9J08_001926	upstream_gene_variant,upstream_gene_variant,upstream_gene_variant,upstream_gene_variant,upstream_gene_variant,intergenic_region	MODIFIER,MODIFIER,MODIFIER,MODIFIER,MODIFIER,MODIFIER	c.-2996A>G,c.-839A>G,c.-703T>C,c.-2302T>C,c.-4628T>C,n.842355T>C	.,.,.,.,.,.	.,0,0,0,0,0,1,0,0,0
PEKT02000006:444329	G	T	B9J08_002435,B9J08_002432,B9J08_002433,B9J08_002437,B9J08_002434,B9J08_002436	synonymous_variant,upstream_gene_variant,upstream_gene_variant,upstream_gene_variant,downstream_gene_variant,downstream_gene_variant	LOW,MODIFIER,MODIFIER,MODIFIER,MODIFIER,MODIFIER	c.663C>A,c.-3939C>A,c.-2965C>A,c.-4335G>T,c.*1005G>T,c.*2565C>A	p.Ala221Ala,.,.,.,.,.	0,0,1,0,0,0,0,0,0,0
PEKT02000006:444341	G	T	B9J08_002435,B9J08_002432,B9J08_002433,B9J08_002437,B9J08_002434,B9J08_002436	synonymous_variant,upstream_gene_variant,upstream_gene_variant,upstream_gene_variant,downstream_gene_variant,downstream_gene_variant	LOW,MODIFIER,MODIFIER,MODIFIER,MODIFIER,MODIFIER	c.651C>A,c.-3951C>A,c.-2977C>A,c.-4323G>T,c.*1017G>T,c.*2553C>A	p.Ile217Ile,.,.,.,.,.	0,0,1,0,0,0,0,0,0,0
PEKT02000006:444342	A	C	B9J08_002435,B9J08_002432,B9J08_002433,B9J08_002437,B9J08_002434,B9J08_002436	missense_variant,upstream_gene_variant,upstream_gene_variant,upstream_gene_variant,downstream_gene_variant,downstream_gene_variant	MODERATE,MODIFIER,MODIFIER,MODIFIER,MODIFIER,MODIFIER	c.650T>G,c.-3952T>G,c.-2978T>G,c.-4322A>C,c.*1018A>C,c.*2552T>G	p.Ile217Ser,.,.,.,.,.	0,0,1,0,0,0,0,0,0,0
PEKT02000006:444356	A	C	B9J08_002435,B9J08_002432,B9J08_002433,B9J08_002437,B9J08_002434,B9J08_002436	missense_variant,upstream_gene_variant,upstream_gene_variant,upstream_gene_variant,downstream_gene_variant,downstream_gene_variant	MODERATE,MODIFIER,MODIFIER,MODIFIER,MODIFIER,MODIFIER	c.636T>G,c.-3966T>G,c.-2992T>G,c.-4308A>C,c.*1032A>C,c.*2538T>G	p.Ile212Met,.,.,.,.,.	0,0,1,0,0,0,0,0,0,0
PEKT02000005:229570	A	T	B9J08_002047,B9J08_002049,B9J08_002050,B9J08_002048,B9J08_002051,B9J08_002052,B9J08_002049-B9J08_002050	upstream_gene_variant,upstream_gene_variant,upstream_gene_variant,downstream_gene_variant,downstream_gene_variant,downstream_gene_variant,intergenic_region	MODIFIER,MODIFIER,MODIFIER,MODIFIER,MODIFIER,MODIFIER,MODIFIER	c.-2912T>A,c.-88T>A,c.-196A>T,c.*1277A>T,c.*794T>A,c.*2897T>A,n.229570A>T	.,.,.,.,.,.,.	0,0,0,0,0,0,0,1,0,0
